{"svm_linear":{"err":0.0253586965},"svm_rbf":{"err":0.0098473664},"rf":{"err":0.0},"knn1":{"err":0.0003692308},"knn5":{"err":0.0014770746},"knn10":{"err":0.003446457}}