{"svm_linear":{"err":0.0275979557},"svm_rbf":{"err":0.0093696763},"rf":{"err":0.0247018739},"knn1":{"err":0.0109028961},"knn5":{"err":0.0119250426},"knn10":{"err":0.0141396934}}